sample_barcode,patient_barcode,present_in_rna,present_in_mirna,present_in_cnv,present_in_methylation,present_in_rppa,present_in_mutation,present_in_clinical,present_in_survival
TCGA-3M-AB47-01,TCGA-3M-AB47,True,True,True,True,True,True,True,True
TCGA-B7-5816-01,TCGA-B7-5816,True,True,True,True,True,True,True,True
TCGA-B7-5818-01,TCGA-B7-5818,True,True,True,True,True,True,True,True
TCGA-B7-A5TI-01,TCGA-B7-A5TI,True,True,True,True,True,True,True,True
TCGA-B7-A5TJ-01,TCGA-B7-A5TJ,True,True,True,True,True,True,True,True
TCGA-B7-A5TK-01,TCGA-B7-A5TK,True,True,True,True,True,True,True,True
TCGA-B7-A5TN-01,TCGA-B7-A5TN,True,True,True,True,True,True,True,True
TCGA-BR-6452-01,TCGA-BR-6452,True,True,True,True,True,True,True,True
TCGA-BR-6453-01,TCGA-BR-6453,True,True,True,True,True,True,True,True
TCGA-BR-6454-01,TCGA-BR-6454,True,True,True,True,True,True,True,True
TCGA-BR-6455-01,TCGA-BR-6455,True,True,True,True,True,True,True,True
TCGA-BR-6456-01,TCGA-BR-6456,True,True,True,True,True,True,True,True
TCGA-BR-6457-01,TCGA-BR-6457,True,True,True,True,True,True,True,True
TCGA-BR-6458-01,TCGA-BR-6458,True,True,True,True,True,True,True,True
TCGA-BR-6564-01,TCGA-BR-6564,True,True,True,True,True,True,True,True
TCGA-BR-6565-01,TCGA-BR-6565,True,True,True,True,True,True,True,True
TCGA-BR-6566-01,TCGA-BR-6566,True,True,True,True,True,True,True,True
TCGA-BR-6705-01,TCGA-BR-6705,True,True,True,True,True,True,True,True
TCGA-BR-6706-01,TCGA-BR-6706,True,True,True,True,True,True,True,True
TCGA-BR-6707-01,TCGA-BR-6707,True,True,True,True,True,True,True,True
TCGA-BR-6709-01,TCGA-BR-6709,True,True,True,True,True,True,True,True
TCGA-BR-6801-01,TCGA-BR-6801,True,True,True,True,True,True,True,True
TCGA-BR-6802-01,TCGA-BR-6802,True,True,True,True,True,True,True,True
TCGA-BR-6803-01,TCGA-BR-6803,True,True,True,True,True,True,True,True
TCGA-BR-6852-01,TCGA-BR-6852,True,True,True,True,True,True,True,True
TCGA-BR-7196-01,TCGA-BR-7196,True,True,True,True,True,True,True,True
TCGA-BR-7197-01,TCGA-BR-7197,True,True,True,True,True,True,True,True
TCGA-BR-7703-01,TCGA-BR-7703,True,True,True,True,True,True,True,True
TCGA-BR-7704-01,TCGA-BR-7704,True,True,True,True,True,True,True,True
TCGA-BR-7715-01,TCGA-BR-7715,True,True,True,True,True,True,True,True
TCGA-BR-7716-01,TCGA-BR-7716,True,True,True,True,True,True,True,True
TCGA-BR-7717-01,TCGA-BR-7717,True,True,True,True,True,True,True,True
TCGA-BR-7722-01,TCGA-BR-7722,True,True,True,True,True,True,True,True
TCGA-BR-7723-01,TCGA-BR-7723,True,True,True,True,True,True,True,True
TCGA-BR-7851-01,TCGA-BR-7851,True,True,True,True,True,True,True,True
TCGA-BR-7901-01,TCGA-BR-7901,True,True,True,True,True,True,True,True
TCGA-BR-7957-01,TCGA-BR-7957,True,True,True,True,True,True,True,True
TCGA-BR-7958-01,TCGA-BR-7958,True,True,True,True,True,True,True,True
TCGA-BR-7959-01,TCGA-BR-7959,True,True,True,True,True,True,True,True
TCGA-BR-8058-01,TCGA-BR-8058,True,True,True,True,True,True,True,True
TCGA-BR-8059-01,TCGA-BR-8059,True,True,True,True,True,True,True,True
TCGA-BR-8060-01,TCGA-BR-8060,True,True,True,True,True,True,True,True
TCGA-BR-8080-01,TCGA-BR-8080,True,True,True,True,True,True,True,True
TCGA-BR-8081-01,TCGA-BR-8081,True,True,True,True,True,True,True,True
TCGA-BR-8284-01,TCGA-BR-8284,True,True,True,True,True,True,True,True
TCGA-BR-8286-01,TCGA-BR-8286,True,True,True,True,True,True,True,True
TCGA-BR-8289-01,TCGA-BR-8289,True,True,True,True,True,True,True,True
TCGA-BR-8291-01,TCGA-BR-8291,True,True,True,True,True,True,True,True
TCGA-BR-8295-01,TCGA-BR-8295,True,True,True,True,True,True,True,True
TCGA-BR-8296-01,TCGA-BR-8296,True,True,True,True,True,True,True,True
TCGA-BR-8297-01,TCGA-BR-8297,True,True,True,True,True,True,True,True
TCGA-BR-8361-01,TCGA-BR-8361,True,True,True,True,True,True,True,True
TCGA-BR-8363-01,TCGA-BR-8363,True,True,True,True,True,True,True,True
TCGA-BR-8364-01,TCGA-BR-8364,True,True,True,True,True,True,True,True
TCGA-BR-8365-01,TCGA-BR-8365,True,True,True,True,True,True,True,True
TCGA-BR-8366-01,TCGA-BR-8366,True,True,True,True,True,True,True,True
TCGA-BR-8367-01,TCGA-BR-8367,True,True,True,True,True,True,True,True
TCGA-BR-8368-01,TCGA-BR-8368,True,True,True,True,True,True,True,True
TCGA-BR-8369-01,TCGA-BR-8369,True,True,True,True,True,True,True,True
TCGA-BR-8371-01,TCGA-BR-8371,True,True,True,True,True,True,True,True
TCGA-BR-8372-01,TCGA-BR-8372,True,True,True,True,True,True,True,True
TCGA-BR-8380-01,TCGA-BR-8380,True,True,True,True,True,True,True,True
TCGA-BR-8381-01,TCGA-BR-8381,True,True,True,True,True,True,True,True
TCGA-BR-8382-01,TCGA-BR-8382,True,True,True,True,True,True,True,True
TCGA-BR-8384-01,TCGA-BR-8384,True,True,True,True,True,True,True,True
TCGA-BR-8483-01,TCGA-BR-8483,True,True,True,True,True,True,True,True
TCGA-BR-8484-01,TCGA-BR-8484,True,True,True,True,True,True,True,True
TCGA-BR-8485-01,TCGA-BR-8485,True,True,True,True,True,True,True,True
TCGA-BR-8486-01,TCGA-BR-8486,True,True,True,True,True,True,True,True
TCGA-BR-8588-01,TCGA-BR-8588,True,True,True,True,True,True,True,True
TCGA-BR-8589-01,TCGA-BR-8589,True,True,True,True,True,True,True,True
TCGA-BR-8590-01,TCGA-BR-8590,True,True,True,True,True,True,True,True
TCGA-BR-8591-01,TCGA-BR-8591,True,True,True,True,True,True,True,True
TCGA-BR-8592-01,TCGA-BR-8592,True,True,True,True,True,True,True,True
TCGA-BR-8676-01,TCGA-BR-8676,True,True,True,True,True,True,True,True
TCGA-BR-8677-01,TCGA-BR-8677,True,True,True,True,True,True,True,True
TCGA-BR-8678-01,TCGA-BR-8678,True,True,True,True,True,True,True,True
TCGA-BR-8679-01,TCGA-BR-8679,True,True,True,True,True,True,True,True
TCGA-BR-8680-01,TCGA-BR-8680,True,True,True,True,True,True,True,True
TCGA-BR-8682-01,TCGA-BR-8682,True,True,True,True,True,True,True,True
TCGA-BR-8683-01,TCGA-BR-8683,True,True,True,True,True,True,True,True
TCGA-BR-8686-01,TCGA-BR-8686,True,True,True,True,True,True,True,True
TCGA-BR-8687-01,TCGA-BR-8687,True,True,True,True,True,True,True,True
TCGA-BR-8690-01,TCGA-BR-8690,True,True,True,True,True,True,True,True
TCGA-BR-A44T-01,TCGA-BR-A44T,True,True,True,True,True,True,True,True
TCGA-BR-A44U-01,TCGA-BR-A44U,True,True,True,True,True,True,True,True
TCGA-BR-A452-01,TCGA-BR-A452,True,True,True,True,True,True,True,True
TCGA-BR-A453-01,TCGA-BR-A453,True,True,True,True,True,True,True,True
TCGA-BR-A4CR-01,TCGA-BR-A4CR,True,True,True,True,True,True,True,True
TCGA-BR-A4CS-01,TCGA-BR-A4CS,True,True,True,True,True,True,True,True
TCGA-BR-A4IU-01,TCGA-BR-A4IU,True,True,True,True,True,True,True,True
TCGA-BR-A4IV-01,TCGA-BR-A4IV,True,True,True,True,True,True,True,True
TCGA-BR-A4IY-01,TCGA-BR-A4IY,True,True,True,True,True,True,True,True
TCGA-BR-A4IZ-01,TCGA-BR-A4IZ,True,True,True,True,True,True,True,True
TCGA-BR-A4J1-01,TCGA-BR-A4J1,True,True,True,True,True,True,True,True
TCGA-BR-A4J2-01,TCGA-BR-A4J2,True,True,True,True,True,True,True,True
TCGA-BR-A4J4-01,TCGA-BR-A4J4,True,True,True,True,True,True,True,True
TCGA-BR-A4J5-01,TCGA-BR-A4J5,True,True,True,True,True,True,True,True
TCGA-BR-A4J6-01,TCGA-BR-A4J6,True,True,True,True,True,True,True,True
TCGA-BR-A4J7-01,TCGA-BR-A4J7,True,True,True,True,True,True,True,True
TCGA-BR-A4J8-01,TCGA-BR-A4J8,True,True,True,True,True,True,True,True
TCGA-BR-A4J9-01,TCGA-BR-A4J9,True,True,True,True,True,True,True,True
TCGA-BR-A4PD-01,TCGA-BR-A4PD,True,True,True,True,True,True,True,True
TCGA-BR-A4PE-01,TCGA-BR-A4PE,True,True,True,True,True,True,True,True
TCGA-BR-A4PF-01,TCGA-BR-A4PF,True,True,True,True,True,True,True,True
TCGA-BR-A4QI-01,TCGA-BR-A4QI,True,True,True,True,True,True,True,True
TCGA-BR-A4QL-01,TCGA-BR-A4QL,True,True,True,True,True,True,True,True
TCGA-BR-A4QM-01,TCGA-BR-A4QM,True,True,True,True,True,True,True,True
TCGA-CD-5798-01,TCGA-CD-5798,True,True,True,True,True,True,True,True
TCGA-CD-5799-01,TCGA-CD-5799,True,True,True,True,True,True,True,True
TCGA-CD-5800-01,TCGA-CD-5800,True,True,True,True,True,True,True,True
TCGA-CD-5801-01,TCGA-CD-5801,True,True,True,True,True,True,True,True
TCGA-CD-5803-01,TCGA-CD-5803,True,True,True,True,True,True,True,True
TCGA-CD-5804-01,TCGA-CD-5804,True,True,True,True,True,True,True,True
TCGA-CD-8524-01,TCGA-CD-8524,True,True,True,True,True,True,True,True
TCGA-CD-8525-01,TCGA-CD-8525,True,True,True,True,True,True,True,True
TCGA-CD-8526-01,TCGA-CD-8526,True,True,True,True,True,True,True,True
TCGA-CD-8527-01,TCGA-CD-8527,True,True,True,True,True,True,True,True
TCGA-CD-8528-01,TCGA-CD-8528,True,True,True,True,True,True,True,True
TCGA-CD-8529-01,TCGA-CD-8529,True,True,True,True,True,True,True,True
TCGA-CD-8530-01,TCGA-CD-8530,True,True,True,True,True,True,True,True
TCGA-CD-8531-01,TCGA-CD-8531,True,True,True,True,True,True,True,True
TCGA-CD-8532-01,TCGA-CD-8532,True,True,True,True,True,True,True,True
TCGA-CD-8533-01,TCGA-CD-8533,True,True,True,True,True,True,True,True
TCGA-CD-8534-01,TCGA-CD-8534,True,True,True,True,True,True,True,True
TCGA-CD-8535-01,TCGA-CD-8535,True,True,True,True,True,True,True,True
TCGA-CD-8536-01,TCGA-CD-8536,True,True,True,True,True,True,True,True
TCGA-CD-A486-01,TCGA-CD-A486,True,True,True,True,True,True,True,True
TCGA-CD-A487-01,TCGA-CD-A487,True,True,True,True,True,True,True,True
TCGA-CD-A489-01,TCGA-CD-A489,True,True,True,True,True,True,True,True
TCGA-CD-A48A-01,TCGA-CD-A48A,True,True,True,True,True,True,True,True
TCGA-CD-A48C-01,TCGA-CD-A48C,True,True,True,True,True,True,True,True
TCGA-CD-A4MG-01,TCGA-CD-A4MG,True,True,True,True,True,True,True,True
TCGA-CD-A4MH-01,TCGA-CD-A4MH,True,True,True,True,True,True,True,True
TCGA-CD-A4MI-01,TCGA-CD-A4MI,True,True,True,True,True,True,True,True
TCGA-CD-A4MJ-01,TCGA-CD-A4MJ,True,True,True,True,True,True,True,True
TCGA-CG-4437-01,TCGA-CG-4437,True,True,True,True,True,True,True,True
TCGA-CG-5717-01,TCGA-CG-5717,True,True,True,True,True,True,True,True
TCGA-CG-5718-01,TCGA-CG-5718,True,True,True,True,True,True,True,True
TCGA-CG-5719-01,TCGA-CG-5719,True,True,True,True,True,True,True,True
TCGA-CG-5720-01,TCGA-CG-5720,True,True,True,True,True,True,True,True
TCGA-CG-5721-01,TCGA-CG-5721,True,True,True,True,True,True,True,True
TCGA-CG-5723-01,TCGA-CG-5723,True,True,True,True,True,True,True,True
TCGA-CG-5724-01,TCGA-CG-5724,True,True,True,True,True,True,True,True
TCGA-CG-5725-01,TCGA-CG-5725,True,True,True,True,True,True,True,True
TCGA-CG-5726-01,TCGA-CG-5726,True,True,True,True,True,True,True,True
TCGA-CG-5732-01,TCGA-CG-5732,True,True,True,True,True,True,True,True
TCGA-CG-5734-01,TCGA-CG-5734,True,True,True,True,True,True,True,True
TCGA-D7-5577-01,TCGA-D7-5577,True,True,True,True,True,True,True,True
TCGA-D7-5578-01,TCGA-D7-5578,True,True,True,True,True,True,True,True
TCGA-D7-6518-01,TCGA-D7-6518,True,True,True,True,True,True,True,True
TCGA-D7-6519-01,TCGA-D7-6519,True,True,True,True,True,True,True,True
TCGA-D7-6520-01,TCGA-D7-6520,True,True,True,True,True,True,True,True
TCGA-D7-6521-01,TCGA-D7-6521,True,True,True,True,True,True,True,True
TCGA-D7-6522-01,TCGA-D7-6522,True,True,True,True,True,True,True,True
TCGA-D7-6524-01,TCGA-D7-6524,True,True,True,True,True,True,True,True
TCGA-D7-6525-01,TCGA-D7-6525,True,True,True,True,True,True,True,True
TCGA-D7-6527-01,TCGA-D7-6527,True,True,True,True,True,True,True,True
TCGA-D7-6528-01,TCGA-D7-6528,True,True,True,True,True,True,True,True
TCGA-D7-6815-01,TCGA-D7-6815,True,True,True,True,True,True,True,True
TCGA-D7-6817-01,TCGA-D7-6817,True,True,True,True,True,True,True,True
TCGA-D7-6818-01,TCGA-D7-6818,True,True,True,True,True,True,True,True
TCGA-D7-6820-01,TCGA-D7-6820,True,True,True,True,True,True,True,True
TCGA-D7-6822-01,TCGA-D7-6822,True,True,True,True,True,True,True,True
TCGA-D7-8570-01,TCGA-D7-8570,True,True,True,True,True,True,True,True
TCGA-D7-8572-01,TCGA-D7-8572,True,True,True,True,True,True,True,True
TCGA-D7-8573-01,TCGA-D7-8573,True,True,True,True,True,True,True,True
TCGA-D7-8574-01,TCGA-D7-8574,True,True,True,True,True,True,True,True
TCGA-D7-8575-01,TCGA-D7-8575,True,True,True,True,True,True,True,True
TCGA-D7-8578-01,TCGA-D7-8578,True,True,True,True,True,True,True,True
TCGA-D7-A4YT-01,TCGA-D7-A4YT,True,True,True,True,True,True,True,True
TCGA-D7-A4YU-01,TCGA-D7-A4YU,True,True,True,True,True,True,True,True
TCGA-D7-A4YV-01,TCGA-D7-A4YV,True,True,True,True,True,True,True,True
TCGA-D7-A4YX-01,TCGA-D7-A4YX,True,True,True,True,True,True,True,True
TCGA-D7-A4YY-01,TCGA-D7-A4YY,True,True,True,True,True,True,True,True
TCGA-D7-A4Z0-01,TCGA-D7-A4Z0,True,True,True,True,True,True,True,True
TCGA-D7-A6EV-01,TCGA-D7-A6EV,True,True,True,True,True,True,True,True
TCGA-D7-A6EX-01,TCGA-D7-A6EX,True,True,True,True,True,True,True,True
TCGA-D7-A6EY-01,TCGA-D7-A6EY,True,True,True,True,True,True,True,True
TCGA-D7-A6EZ-01,TCGA-D7-A6EZ,True,True,True,True,True,True,True,True
TCGA-D7-A6F0-01,TCGA-D7-A6F0,True,True,True,True,True,True,True,True
TCGA-D7-A748-01,TCGA-D7-A748,True,True,True,True,True,True,True,True
TCGA-EQ-8122-01,TCGA-EQ-8122,True,True,True,True,True,True,True,True
TCGA-EQ-A4SO-01,TCGA-EQ-A4SO,True,True,True,True,True,True,True,True
TCGA-F1-6177-01,TCGA-F1-6177,True,True,True,True,True,True,True,True
TCGA-F1-6874-01,TCGA-F1-6874,True,True,True,True,True,True,True,True
TCGA-F1-6875-01,TCGA-F1-6875,True,True,True,True,True,True,True,True
TCGA-F1-A448-01,TCGA-F1-A448,True,True,True,True,True,True,True,True
TCGA-F1-A72C-01,TCGA-F1-A72C,True,True,True,True,True,True,True,True
TCGA-FP-7916-01,TCGA-FP-7916,True,True,True,True,True,True,True,True
TCGA-FP-7998-01,TCGA-FP-7998,True,True,True,True,True,True,True,True
TCGA-HF-7132-01,TCGA-HF-7132,True,True,True,True,True,True,True,True
TCGA-HF-7133-01,TCGA-HF-7133,True,True,True,True,True,True,True,True
TCGA-HF-7134-01,TCGA-HF-7134,True,True,True,True,True,True,True,True
TCGA-HF-7136-01,TCGA-HF-7136,True,True,True,True,True,True,True,True
TCGA-HF-A5NB-01,TCGA-HF-A5NB,True,True,True,True,True,True,True,True
TCGA-HJ-7597-01,TCGA-HJ-7597,True,True,True,True,True,True,True,True
TCGA-HU-8602-01,TCGA-HU-8602,True,True,True,True,True,True,True,True
TCGA-HU-8608-01,TCGA-HU-8608,True,True,True,True,True,True,True,True
TCGA-HU-8610-01,TCGA-HU-8610,True,True,True,True,True,True,True,True
TCGA-HU-A4GF-01,TCGA-HU-A4GF,True,True,True,True,True,True,True,True
TCGA-HU-A4GQ-01,TCGA-HU-A4GQ,True,True,True,True,True,True,True,True
TCGA-HU-A4GT-01,TCGA-HU-A4GT,True,True,True,True,True,True,True,True
TCGA-HU-A4GU-01,TCGA-HU-A4GU,True,True,True,True,True,True,True,True
TCGA-HU-A4GX-01,TCGA-HU-A4GX,True,True,True,True,True,True,True,True
TCGA-HU-A4GY-01,TCGA-HU-A4GY,True,True,True,True,True,True,True,True
TCGA-HU-A4H2-01,TCGA-HU-A4H2,True,True,True,True,True,True,True,True
TCGA-HU-A4H3-01,TCGA-HU-A4H3,True,True,True,True,True,True,True,True
TCGA-HU-A4H4-01,TCGA-HU-A4H4,True,True,True,True,True,True,True,True
TCGA-HU-A4H5-01,TCGA-HU-A4H5,True,True,True,True,True,True,True,True
TCGA-HU-A4HD-01,TCGA-HU-A4HD,True,True,True,True,True,True,True,True
TCGA-IN-7806-01,TCGA-IN-7806,True,True,True,True,True,True,True,True
TCGA-IN-7808-01,TCGA-IN-7808,True,True,True,True,True,True,True,True
TCGA-IN-8462-01,TCGA-IN-8462,True,True,True,True,True,True,True,True
TCGA-IN-8663-01,TCGA-IN-8663,True,True,True,True,True,True,True,True
TCGA-IN-A6RI-01,TCGA-IN-A6RI,True,True,True,True,True,True,True,True
TCGA-IN-A6RL-01,TCGA-IN-A6RL,True,True,True,True,True,True,True,True
TCGA-IN-A6RN-01,TCGA-IN-A6RN,True,True,True,True,True,True,True,True
TCGA-IN-A6RO-01,TCGA-IN-A6RO,True,True,True,True,True,True,True,True
TCGA-IN-A6RR-01,TCGA-IN-A6RR,True,True,True,True,True,True,True,True
TCGA-IN-A6RS-01,TCGA-IN-A6RS,True,True,True,True,True,True,True,True
TCGA-IN-A7NR-01,TCGA-IN-A7NR,True,True,True,True,True,True,True,True
TCGA-IN-A7NT-01,TCGA-IN-A7NT,True,True,True,True,True,True,True,True
TCGA-IN-A7NU-01,TCGA-IN-A7NU,True,True,True,True,True,True,True,True
TCGA-IN-AB1V-01,TCGA-IN-AB1V,True,True,True,True,True,True,True,True
TCGA-IN-AB1X-01,TCGA-IN-AB1X,True,True,True,True,True,True,True,True
TCGA-IP-7968-01,TCGA-IP-7968,True,True,True,True,True,True,True,True
TCGA-MX-A5UG-01,TCGA-MX-A5UG,True,True,True,True,True,True,True,True
TCGA-RD-A7BS-01,TCGA-RD-A7BS,True,True,True,True,True,True,True,True
TCGA-RD-A7BW-01,TCGA-RD-A7BW,True,True,True,True,True,True,True,True
TCGA-RD-A7C1-01,TCGA-RD-A7C1,True,True,True,True,True,True,True,True
TCGA-RD-A8MV-01,TCGA-RD-A8MV,True,True,True,True,True,True,True,True
TCGA-RD-A8MW-01,TCGA-RD-A8MW,True,True,True,True,True,True,True,True
TCGA-RD-A8N0-01,TCGA-RD-A8N0,True,True,True,True,True,True,True,True
TCGA-RD-A8N1-01,TCGA-RD-A8N1,True,True,True,True,True,True,True,True
TCGA-RD-A8NB-01,TCGA-RD-A8NB,True,True,True,True,True,True,True,True
TCGA-SW-A7EA-01,TCGA-SW-A7EA,True,True,True,True,True,True,True,True
TCGA-SW-A7EB-01,TCGA-SW-A7EB,True,True,True,True,True,True,True,True
TCGA-VQ-A8DT-01,TCGA-VQ-A8DT,True,True,True,True,True,True,True,True
TCGA-VQ-A8DU-01,TCGA-VQ-A8DU,True,True,True,True,True,True,True,True
TCGA-VQ-A8E0-01,TCGA-VQ-A8E0,True,True,True,True,True,True,True,True
TCGA-VQ-A8E2-01,TCGA-VQ-A8E2,True,True,True,True,True,True,True,True
TCGA-VQ-A8E3-01,TCGA-VQ-A8E3,True,True,True,True,True,True,True,True
TCGA-VQ-A8E7-01,TCGA-VQ-A8E7,True,True,True,True,True,True,True,True
TCGA-VQ-A8P2-01,TCGA-VQ-A8P2,True,True,True,True,True,True,True,True
TCGA-VQ-A8P3-01,TCGA-VQ-A8P3,True,True,True,True,True,True,True,True
TCGA-VQ-A8P5-01,TCGA-VQ-A8P5,True,True,True,True,True,True,True,True
TCGA-VQ-A8PC-01,TCGA-VQ-A8PC,True,True,True,True,True,True,True,True
TCGA-VQ-A8PD-01,TCGA-VQ-A8PD,True,True,True,True,True,True,True,True
TCGA-VQ-A8PE-01,TCGA-VQ-A8PE,True,True,True,True,True,True,True,True
TCGA-VQ-A8PF-01,TCGA-VQ-A8PF,True,True,True,True,True,True,True,True
TCGA-VQ-A8PH-01,TCGA-VQ-A8PH,True,True,True,True,True,True,True,True
TCGA-VQ-A8PJ-01,TCGA-VQ-A8PJ,True,True,True,True,True,True,True,True
TCGA-VQ-A8PK-01,TCGA-VQ-A8PK,True,True,True,True,True,True,True,True
TCGA-VQ-A8PM-01,TCGA-VQ-A8PM,True,True,True,True,True,True,True,True
TCGA-VQ-A8PO-01,TCGA-VQ-A8PO,True,True,True,True,True,True,True,True
TCGA-VQ-A8PP-01,TCGA-VQ-A8PP,True,True,True,True,True,True,True,True
TCGA-VQ-A8PQ-01,TCGA-VQ-A8PQ,True,True,True,True,True,True,True,True
TCGA-VQ-A8PU-01,TCGA-VQ-A8PU,True,True,True,True,True,True,True,True
TCGA-VQ-A8PX-01,TCGA-VQ-A8PX,True,True,True,True,True,True,True,True
TCGA-VQ-A91D-01,TCGA-VQ-A91D,True,True,True,True,True,True,True,True
TCGA-VQ-A91K-01,TCGA-VQ-A91K,True,True,True,True,True,True,True,True
TCGA-VQ-A91N-01,TCGA-VQ-A91N,True,True,True,True,True,True,True,True
TCGA-VQ-A91S-01,TCGA-VQ-A91S,True,True,True,True,True,True,True,True
TCGA-VQ-A91U-01,TCGA-VQ-A91U,True,True,True,True,True,True,True,True
TCGA-VQ-A91V-01,TCGA-VQ-A91V,True,True,True,True,True,True,True,True
TCGA-VQ-A91W-01,TCGA-VQ-A91W,True,True,True,True,True,True,True,True
TCGA-VQ-A91X-01,TCGA-VQ-A91X,True,True,True,True,True,True,True,True
TCGA-VQ-A91Y-01,TCGA-VQ-A91Y,True,True,True,True,True,True,True,True
TCGA-VQ-A91Z-01,TCGA-VQ-A91Z,True,True,True,True,True,True,True,True
TCGA-VQ-A923-01,TCGA-VQ-A923,True,True,True,True,True,True,True,True
TCGA-VQ-A925-01,TCGA-VQ-A925,True,True,True,True,True,True,True,True
TCGA-VQ-A928-01,TCGA-VQ-A928,True,True,True,True,True,True,True,True
TCGA-VQ-A92D-01,TCGA-VQ-A92D,True,True,True,True,True,True,True,True
TCGA-VQ-A94O-01,TCGA-VQ-A94O,True,True,True,True,True,True,True,True
TCGA-VQ-A94P-01,TCGA-VQ-A94P,True,True,True,True,True,True,True,True
TCGA-VQ-A94R-01,TCGA-VQ-A94R,True,True,True,True,True,True,True,True
TCGA-VQ-A94U-01,TCGA-VQ-A94U,True,True,True,True,True,True,True,True
TCGA-VQ-AA64-01,TCGA-VQ-AA64,True,True,True,True,True,True,True,True
TCGA-VQ-AA69-01,TCGA-VQ-AA69,True,True,True,True,True,True,True,True
TCGA-VQ-AA6A-01,TCGA-VQ-AA6A,True,True,True,True,True,True,True,True
TCGA-VQ-AA6B-01,TCGA-VQ-AA6B,True,True,True,True,True,True,True,True
TCGA-VQ-AA6D-01,TCGA-VQ-AA6D,True,True,True,True,True,True,True,True
TCGA-VQ-AA6F-01,TCGA-VQ-AA6F,True,True,True,True,True,True,True,True
TCGA-VQ-AA6G-01,TCGA-VQ-AA6G,True,True,True,True,True,True,True,True
TCGA-VQ-AA6I-01,TCGA-VQ-AA6I,True,True,True,True,True,True,True,True
TCGA-VQ-AA6K-01,TCGA-VQ-AA6K,True,True,True,True,True,True,True,True
TCGA-ZA-A8F6-01,TCGA-ZA-A8F6,True,True,True,True,True,True,True,True
